{
    "5": [
        [
            12629465.81290774,
            2634531.385156585
        ],
        [
            12626024.148210885,
            2644644.5745368456
        ],
        [
            12626476.383642232,
            2645412.592829121
        ],
        [
            12632957.794014433,
            2656029.8837471055
        ],
        [
            12643117.723564055,
            2647029.0754477354
        ],
        [
            12641050.63193951,
            2635559.1805016836
        ],
        [
            12640902.888711337,
            2635461.8206254714
        ],
        [
            12629465.81290774,
            2634531.385156585
        ]
    ],
    "15": [
        [
            12633342.03550081,
            2614969.8545862613
        ],
        [
            12631078.320259681,
            2616015.1964149424
        ],
        [
            12609472.698777879,
            2628524.1179458536
        ],
        [
            12611184.536511447,
            2651644.799998243
        ],
        [
            12616432.092779646,
            2667463.1994408164
        ],
        [
            12630808.3927584,
            2676180.848226341
        ],
        [
            12644936.98460624,
            2669739.377220924
        ],
        [
            12653958.995189022,
            2653559.536191069
        ],
        [
            12655825.845313523,
            2646378.9093697295
        ],
        [
            12655197.324336555,
            2634484.9034810294
        ],
        [
            12655015.80677487,
            2633889.9666650235
        ],
        [
            12655010.43004346,
            2633874.2677580835
        ],
        [
            12655004.374263166,
            2633860.116984345
        ],
        [
            12654995.60228729,
            2633846.329062766
        ],
        [
            12654707.418389523,
            2633565.6264454857
        ],
        [
            12654681.469816219,
            2633542.2962587737
        ],
        [
            12633342.03550081,
            2614969.8545862613
        ]
    ],
    "30": [
        [
            12644847.249964712,
            2590135.058455087
        ],
        [
            12632769.307852626,
            2591017.830692779
        ],
        [
            12605706.259466631,
            2610100.2457829285
        ],
        [
            12594027.909798695,
            2624151.887653032
        ],
        [
            12588134.088226698,
            2632039.6194899874
        ],
        [
            12584622.448097924,
            2670418.2057011668
        ],
        [
            12599591.145878887,
            2684356.5620301883
        ],
        [
            12622537.85553017,
            2695670.840447422
        ],
        [
            12630755.304493243,
            2698744.3803917207
        ],
        [
            12641657.111657305,
            2702494.400817443
        ],
        [
            12672978.998858167,
            2683141.5755216978
        ],
        [
            12675734.568137418,
            2660086.245503213
        ],
        [
            12674999.881762076,
            2654575.1053661746
        ],
        [
            12644847.249964712,
            2590135.058455087
        ]
    ],
    "60": [
        [
            12649732.004880467,
            2579258.0593899363
        ],
        [
            12624076.691643102,
            2591707.8108691317
        ],
        [
            12621492.520983826,
            2593304.8424298954
        ],
        [
            12605459.842641817,
            2607739.2977985055
        ],
        [
            12605225.526245642,
            2607994.9844876956
        ],
        [
            12589478.84993938,
            2628564.29546215
        ],
        [
            12589216.247260598,
            2628930.068955789
        ],
        [
            12587664.742989618,
            2631524.077137544
        ],
        [
            12568067.581156552,
            2674431.891986293
        ],
        [
            12567706.316013077,
            2675805.7856440735
        ],
        [
            12566461.218640508,
            2685656.2228056053
        ],
        [
            12566452.858546747,
            2685734.447502139
        ],
        [
            12566442.205271479,
            2685940.597553585
        ],
        [
            12566459.738091277,
            2686018.665899019
        ],
        [
            12566474.66603499,
            2686084.952702162
        ],
        [
            12567439.293950513,
            2687454.2982031754
        ],
        [
            12567885.97453927,
            2687953.5209626523
        ],
        [
            12569884.059211476,
            2690031.2770466204
        ],
        [
            12575786.16295359,
            2695667.0524346414
        ],
        [
            12576003.781426135,
            2695859.0038277386
        ],
        [
            12576918.10406377,
            2696457.758867988
        ],
        [
            12608385.151880626,
            2715798.3511939947
        ],
        [
            12614792.011589842,
            2719302.81451111
        ],
        [
            12620820.19578723,
            2722355.5915349317
        ],
        [
            12665156.077302415,
            2731620.2077995874
        ],
        [
            12688052.214509027,
            2735720.4916161164
        ],
        [
            12688084.953571275,
            2735724.9464727137
        ],
        [
            12688119.01733545,
            2735728.3302170923
        ],
        [
            12686357.486581195,
            2680604.2395207854
        ],
        [
            12680055.066818234,
            2654081.9171449435
        ],
        [
            12679977.989202805,
            2653761.048903409
        ],
        [
            12654553.830888078,
            2584952.631913509
        ],
        [
            12652167.886846054,
            2581480.648577507
        ],
        [
            12650899.50143601,
            2580319.39531935
        ],
        [
            12650099.37033203,
            2579587.6604642067
        ],
        [
            12649759.77909342,
            2579279.9506199346
        ],
        [
            12649732.004880467,
            2579258.0593899363
        ]
    ],